{"cameraMode":{"drawMode":0,"name":"Shaded","section":"Shading Mode"},"sceneLighting":true,"audioPlay":false,"sceneViewState":{"showFog":true,"showMaterialUpdate":false,"showSkybox":true,"showFlares":true,"showImageEffects":true,"showParticleSystems":true},"in2DMode":false,"pivot":{"x":-1.667470932006836,"y":18.950563430786134,"z":48.75169372558594},"rotation":{"x":-0.07025477290153504,"y":-0.07267176359891892,"z":0.005131853278726339,"w":-0.9948652982711792},"size":0.6062480807304382,"orthographic":false}